{"nVersion":2,"mapCache":{"1634080":{"appid":1634080,"unlocked":4,"total":11,"percentage":36.3636360168457,"all_unlocked":false,"cache_time":1686243276},"1918040":{"appid":1918040,"unlocked":115,"total":221,"percentage":52.036197662353516,"all_unlocked":false,"cache_time":1684990127}}}